{"cameraMode":{"drawMode":0,"name":"Shaded","section":"Shading Mode"},"sceneLighting":false,"audioPlay":false,"sceneViewState":{"showFog":true,"showMaterialUpdate":false,"showSkybox":true,"showFlares":true,"showImageEffects":true,"showParticleSystems":true},"in2DMode":false,"pivot":{"x":-7733.52490234375,"y":-24.72099494934082,"z":2969.71484375},"rotation":{"x":-0.05964558944106102,"y":0.8925458788871765,"z":-0.1239619180560112,"w":-0.4294997453689575},"size":8.554529190063477,"orthographic":true}