{"cameraMode":{"drawMode":0,"name":"Shaded","section":"Shading Mode"},"sceneLighting":false,"audioPlay":false,"sceneViewState":{"showFog":true,"showMaterialUpdate":true,"showSkybox":false,"showFlares":true,"showImageEffects":true,"showParticleSystems":true},"in2DMode":false,"pivot":{"x":2623.654541015625,"y":0.8923912048339844,"z":1.0220767259597779},"rotation":{"x":0.1069287434220314,"y":0.8695133924484253,"z":-0.2155511975288391,"w":0.4313410520553589},"size":70.13892364501953,"orthographic":false}