{"cameraMode":{"drawMode":0,"name":"Shaded","section":"Shading Mode"},"sceneLighting":false,"audioPlay":false,"sceneViewState":{"showFog":true,"showMaterialUpdate":true,"showSkybox":false,"showFlares":true,"showImageEffects":true,"showParticleSystems":true},"in2DMode":false,"pivot":{"x":-6.448096752166748,"y":7.023057460784912,"z":6.68261194229126},"rotation":{"x":0.04627424106001854,"y":-0.7935188412666321,"z":0.06082426384091377,"w":0.603735089302063},"size":630.0889892578125,"orthographic":false}